<?xml version="1.0" encoding="UTF-8"?>
<project-private xmlns="http://www.netbeans.org/ns/project-private/1">
    <editor-bookmarks xmlns="http://www.netbeans.org/ns/editor-bookmarks/2" lastBookmarkId="0"/>
    <open-files xmlns="http://www.netbeans.org/ns/projectui-open-files/2">
        <group>
            <file>file:/C:/Users/monde/OneDrive/Documents/NetBeansProjects/ST10208316_Monde%20Nqobile%20Vilakazi_PROG5121/src/st10208316_monde/nqobile/vilakazi_prog5121/ShowReport.java</file>
            <file>file:/C:/Users/monde/OneDrive/Documents/NetBeansProjects/ST10208316_Monde%20Nqobile%20Vilakazi_PROG5121/src/st10208316_monde/nqobile/vilakazi_prog5121/Report.java</file>
            <file>file:/C:/Users/monde/OneDrive/Documents/NetBeansProjects/ST10208316_Monde%20Nqobile%20Vilakazi_PROG5121/src/st10208316_monde/nqobile/vilakazi_prog5121/Task.java</file>
            <file>file:/C:/Users/monde/OneDrive/Documents/NetBeansProjects/ST10208316_Monde%20Nqobile%20Vilakazi_PROG5121/src/st10208316_monde/nqobile/vilakazi_prog5121/Login.java</file>
        </group>
    </open-files>
</project-private>
